"visitor_id","treatment","support_signup","treatment_label","age","high_interest"
1,1,1,"Issue-focused (B)",42,0
2,0,0,"Control (A)",53,1
3,1,0,"Issue-focused (B)",29,1
4,1,0,"Issue-focused (B)",38,0
5,0,1,"Control (A)",32,1
6,1,1,"Issue-focused (B)",51,0
7,0,0,"Control (A)",31,1
8,0,0,"Control (A)",40,1
9,1,0,"Issue-focused (B)",45,0
10,0,0,"Control (A)",49,0
11,1,0,"Issue-focused (B)",40,0
12,1,0,"Issue-focused (B)",33,1
13,1,1,"Issue-focused (B)",18,0
14,1,0,"Issue-focused (B)",32,0
15,0,0,"Control (A)",48,1
16,1,0,"Issue-focused (B)",46,0
17,0,0,"Control (A)",39,1
18,1,0,"Issue-focused (B)",39,0
19,0,1,"Control (A)",38,0
20,0,0,"Control (A)",29,1
21,0,0,"Control (A)",24,1
22,0,0,"Control (A)",33,1
23,1,1,"Issue-focused (B)",38,1
24,1,0,"Issue-focused (B)",43,0
25,1,0,"Issue-focused (B)",48,0
26,0,0,"Control (A)",32,0
27,1,0,"Issue-focused (B)",48,0
28,1,0,"Issue-focused (B)",32,0
29,0,0,"Control (A)",38,0
30,0,0,"Control (A)",50,1
31,0,0,"Control (A)",47,0
32,0,0,"Control (A)",41,1
33,0,0,"Control (A)",39,1
34,1,0,"Issue-focused (B)",62,0
35,1,0,"Issue-focused (B)",33,0
36,1,1,"Issue-focused (B)",41,0
37,0,0,"Control (A)",57,1
38,1,0,"Issue-focused (B)",45,0
39,0,0,"Control (A)",37,1
40,1,0,"Issue-focused (B)",36,0
41,1,0,"Issue-focused (B)",35,0
42,1,0,"Issue-focused (B)",33,0
43,1,0,"Issue-focused (B)",41,0
44,0,0,"Control (A)",46,0
45,1,1,"Issue-focused (B)",25,0
46,0,0,"Control (A)",25,0
47,0,0,"Control (A)",43,1
48,0,0,"Control (A)",45,1
49,1,0,"Issue-focused (B)",46,0
50,1,1,"Issue-focused (B)",48,1
51,0,0,"Control (A)",24,0
52,1,0,"Issue-focused (B)",45,1
53,0,0,"Control (A)",42,1
54,0,0,"Control (A)",47,0
55,1,1,"Issue-focused (B)",48,0
56,1,1,"Issue-focused (B)",49,0
57,0,0,"Control (A)",42,0
58,0,0,"Control (A)",25,0
59,0,0,"Control (A)",58,0
60,0,0,"Control (A)",25,0
61,0,0,"Control (A)",53,0
62,0,0,"Control (A)",32,1
63,0,1,"Control (A)",29,1
64,1,0,"Issue-focused (B)",19,0
65,0,0,"Control (A)",42,1
66,1,0,"Issue-focused (B)",42,1
67,1,0,"Issue-focused (B)",59,1
68,1,0,"Issue-focused (B)",37,0
69,0,0,"Control (A)",43,0
70,0,0,"Control (A)",44,1
71,1,0,"Issue-focused (B)",23,0
72,0,0,"Control (A)",34,1
73,1,0,"Issue-focused (B)",29,1
74,0,0,"Control (A)",34,0
75,0,0,"Control (A)",47,0
76,1,0,"Issue-focused (B)",34,0
77,0,0,"Control (A)",35,0
78,0,1,"Control (A)",59,0
79,1,0,"Issue-focused (B)",30,0
80,0,0,"Control (A)",18,0
81,0,0,"Control (A)",50,0
82,0,0,"Control (A)",36,1
83,0,0,"Control (A)",33,1
84,0,0,"Control (A)",32,0
85,1,0,"Issue-focused (B)",45,1
86,0,0,"Control (A)",41,0
87,1,1,"Issue-focused (B)",55,0
88,0,0,"Control (A)",45,0
89,0,0,"Control (A)",51,0
90,1,0,"Issue-focused (B)",66,0
91,1,0,"Issue-focused (B)",59,1
92,1,0,"Issue-focused (B)",34,0
93,1,0,"Issue-focused (B)",18,1
94,0,0,"Control (A)",32,0
95,1,0,"Issue-focused (B)",69,1
96,0,0,"Control (A)",41,1
97,1,0,"Issue-focused (B)",52,0
98,1,0,"Issue-focused (B)",20,0
99,1,0,"Issue-focused (B)",25,0
100,1,0,"Issue-focused (B)",43,1
101,0,0,"Control (A)",32,0
102,1,0,"Issue-focused (B)",39,1
103,0,0,"Control (A)",24,0
104,1,0,"Issue-focused (B)",43,0
105,0,0,"Control (A)",46,0
106,1,0,"Issue-focused (B)",61,1
107,0,0,"Control (A)",25,0
108,0,0,"Control (A)",23,0
109,0,0,"Control (A)",42,1
110,1,0,"Issue-focused (B)",34,1
111,0,0,"Control (A)",48,0
112,1,1,"Issue-focused (B)",38,1
113,1,0,"Issue-focused (B)",35,0
114,0,0,"Control (A)",66,0
115,0,0,"Control (A)",18,0
116,1,0,"Issue-focused (B)",25,0
117,1,0,"Issue-focused (B)",42,0
118,0,0,"Control (A)",28,0
119,0,1,"Control (A)",46,0
120,0,0,"Control (A)",51,1
121,1,0,"Issue-focused (B)",42,0
122,0,0,"Control (A)",58,1
123,1,0,"Issue-focused (B)",44,0
124,0,1,"Control (A)",31,0
125,1,1,"Issue-focused (B)",18,0
126,0,1,"Control (A)",52,1
127,1,0,"Issue-focused (B)",43,0
128,1,0,"Issue-focused (B)",56,0
129,1,0,"Issue-focused (B)",36,0
130,1,0,"Issue-focused (B)",64,0
131,0,0,"Control (A)",53,1
132,0,0,"Control (A)",18,1
133,0,0,"Control (A)",47,0
134,0,0,"Control (A)",23,1
135,1,0,"Issue-focused (B)",45,1
136,1,0,"Issue-focused (B)",42,1
137,1,0,"Issue-focused (B)",30,1
138,0,0,"Control (A)",28,0
139,0,0,"Control (A)",43,1
140,1,0,"Issue-focused (B)",42,0
141,1,0,"Issue-focused (B)",50,0
142,0,0,"Control (A)",30,1
143,0,0,"Control (A)",32,1
144,0,0,"Control (A)",54,0
145,1,0,"Issue-focused (B)",37,0
146,1,0,"Issue-focused (B)",40,0
147,1,0,"Issue-focused (B)",52,0
148,0,0,"Control (A)",33,0
149,1,0,"Issue-focused (B)",37,0
150,0,0,"Control (A)",47,0
151,0,1,"Control (A)",28,0
152,0,0,"Control (A)",38,1
153,1,0,"Issue-focused (B)",30,1
154,0,0,"Control (A)",53,0
155,1,0,"Issue-focused (B)",43,1
156,0,0,"Control (A)",40,1
157,0,0,"Control (A)",34,1
158,0,0,"Control (A)",56,1
159,1,0,"Issue-focused (B)",46,1
160,0,0,"Control (A)",44,0
161,0,0,"Control (A)",54,0
162,1,1,"Issue-focused (B)",47,0
163,1,0,"Issue-focused (B)",49,0
164,0,0,"Control (A)",47,0
165,1,0,"Issue-focused (B)",52,1
166,1,0,"Issue-focused (B)",31,0
167,0,0,"Control (A)",43,1
168,1,0,"Issue-focused (B)",31,1
169,1,0,"Issue-focused (B)",31,1
170,0,0,"Control (A)",43,0
171,1,0,"Issue-focused (B)",36,1
172,1,0,"Issue-focused (B)",38,0
173,0,0,"Control (A)",43,0
174,1,0,"Issue-focused (B)",41,1
175,0,0,"Control (A)",39,1
176,1,0,"Issue-focused (B)",46,1
177,0,1,"Control (A)",50,0
178,0,0,"Control (A)",41,0
179,1,0,"Issue-focused (B)",32,1
180,1,0,"Issue-focused (B)",45,0
181,0,0,"Control (A)",52,1
182,1,1,"Issue-focused (B)",45,0
183,0,1,"Control (A)",25,0
184,1,0,"Issue-focused (B)",46,0
185,0,1,"Control (A)",53,1
186,1,0,"Issue-focused (B)",66,0
187,1,1,"Issue-focused (B)",18,1
188,1,0,"Issue-focused (B)",22,1
189,1,0,"Issue-focused (B)",35,0
190,0,0,"Control (A)",61,0
191,0,1,"Control (A)",48,0
192,0,0,"Control (A)",36,0
193,0,0,"Control (A)",24,0
194,0,0,"Control (A)",23,1
195,0,0,"Control (A)",18,0
196,0,0,"Control (A)",33,0
197,0,1,"Control (A)",43,1
198,0,1,"Control (A)",48,0
199,1,0,"Issue-focused (B)",29,0
200,1,0,"Issue-focused (B)",47,0
201,1,0,"Issue-focused (B)",42,1
202,0,1,"Control (A)",33,0
203,1,1,"Issue-focused (B)",75,0
204,0,0,"Control (A)",51,1
205,1,0,"Issue-focused (B)",31,0
206,0,0,"Control (A)",43,1
207,1,0,"Issue-focused (B)",53,0
208,0,0,"Control (A)",39,0
209,0,0,"Control (A)",22,0
210,1,0,"Issue-focused (B)",35,1
211,1,0,"Issue-focused (B)",27,1
212,1,0,"Issue-focused (B)",36,0
213,0,1,"Control (A)",53,0
214,0,0,"Control (A)",45,0
215,1,0,"Issue-focused (B)",34,0
216,0,0,"Control (A)",39,1
217,0,0,"Control (A)",49,0
218,1,0,"Issue-focused (B)",24,0
219,0,0,"Control (A)",47,1
220,0,0,"Control (A)",37,0
221,0,0,"Control (A)",52,0
222,1,0,"Issue-focused (B)",60,0
223,1,0,"Issue-focused (B)",37,0
224,0,0,"Control (A)",44,1
225,0,0,"Control (A)",37,1
226,1,0,"Issue-focused (B)",34,0
227,0,0,"Control (A)",30,0
228,1,1,"Issue-focused (B)",30,1
229,0,0,"Control (A)",50,0
230,0,0,"Control (A)",41,0
231,0,0,"Control (A)",55,0
232,0,0,"Control (A)",36,0
233,1,1,"Issue-focused (B)",38,0
234,0,1,"Control (A)",52,0
235,1,0,"Issue-focused (B)",42,1
236,1,0,"Issue-focused (B)",50,1
237,0,0,"Control (A)",50,1
238,0,0,"Control (A)",40,0
239,1,0,"Issue-focused (B)",36,1
240,1,0,"Issue-focused (B)",52,0
241,0,0,"Control (A)",49,1
242,0,0,"Control (A)",34,0
243,0,0,"Control (A)",46,0
244,0,0,"Control (A)",37,1
245,0,0,"Control (A)",34,1
246,0,0,"Control (A)",64,0
247,0,0,"Control (A)",53,1
248,1,0,"Issue-focused (B)",28,1
249,0,1,"Control (A)",18,1
250,1,0,"Issue-focused (B)",50,1
251,1,0,"Issue-focused (B)",49,1
252,0,1,"Control (A)",44,0
253,0,0,"Control (A)",43,0
254,1,0,"Issue-focused (B)",33,1
255,0,0,"Control (A)",54,0
256,0,0,"Control (A)",36,0
257,0,0,"Control (A)",21,0
258,0,0,"Control (A)",51,0
259,1,0,"Issue-focused (B)",31,0
260,0,0,"Control (A)",33,1
261,0,0,"Control (A)",42,1
262,0,0,"Control (A)",33,0
263,1,1,"Issue-focused (B)",54,0
264,1,0,"Issue-focused (B)",40,0
265,0,0,"Control (A)",31,0
266,1,1,"Issue-focused (B)",59,0
267,1,0,"Issue-focused (B)",29,1
268,0,0,"Control (A)",63,0
269,1,0,"Issue-focused (B)",43,0
270,1,1,"Issue-focused (B)",55,0
271,0,0,"Control (A)",33,1
272,0,0,"Control (A)",19,0
273,0,0,"Control (A)",57,0
274,0,0,"Control (A)",35,1
275,1,0,"Issue-focused (B)",33,1
276,0,0,"Control (A)",56,1
277,1,0,"Issue-focused (B)",42,1
278,0,0,"Control (A)",40,1
279,0,0,"Control (A)",23,0
280,1,0,"Issue-focused (B)",48,1
281,1,0,"Issue-focused (B)",59,1
282,1,0,"Issue-focused (B)",42,1
283,0,1,"Control (A)",39,0
284,1,0,"Issue-focused (B)",50,0
285,0,0,"Control (A)",30,1
286,0,1,"Control (A)",51,1
287,1,0,"Issue-focused (B)",38,0
288,1,0,"Issue-focused (B)",19,1
289,1,0,"Issue-focused (B)",21,0
290,0,0,"Control (A)",19,1
291,1,0,"Issue-focused (B)",62,0
292,1,0,"Issue-focused (B)",35,1
293,1,0,"Issue-focused (B)",20,1
294,1,0,"Issue-focused (B)",33,0
295,1,0,"Issue-focused (B)",50,1
296,0,0,"Control (A)",42,0
297,1,1,"Issue-focused (B)",48,1
298,1,0,"Issue-focused (B)",43,1
299,1,0,"Issue-focused (B)",60,1
300,0,0,"Control (A)",49,1
301,0,0,"Control (A)",37,1
302,1,0,"Issue-focused (B)",32,1
303,0,0,"Control (A)",49,1
304,1,0,"Issue-focused (B)",34,1
305,1,0,"Issue-focused (B)",42,1
306,0,0,"Control (A)",46,1
307,1,0,"Issue-focused (B)",48,1
308,1,1,"Issue-focused (B)",30,1
309,0,0,"Control (A)",47,0
310,1,0,"Issue-focused (B)",55,0
311,0,0,"Control (A)",37,0
312,0,0,"Control (A)",48,0
313,1,0,"Issue-focused (B)",49,0
314,0,0,"Control (A)",34,1
315,0,0,"Control (A)",48,1
316,0,0,"Control (A)",33,0
317,0,0,"Control (A)",37,0
318,1,0,"Issue-focused (B)",27,1
319,1,0,"Issue-focused (B)",40,0
320,0,0,"Control (A)",43,0
321,1,0,"Issue-focused (B)",37,1
322,1,0,"Issue-focused (B)",24,0
323,0,0,"Control (A)",23,1
324,1,0,"Issue-focused (B)",43,1
325,0,0,"Control (A)",54,0
326,0,0,"Control (A)",45,0
327,1,0,"Issue-focused (B)",39,0
328,1,0,"Issue-focused (B)",36,1
329,0,0,"Control (A)",50,1
330,0,0,"Control (A)",30,0
331,0,0,"Control (A)",58,1
332,1,0,"Issue-focused (B)",23,0
333,1,0,"Issue-focused (B)",30,1
334,1,0,"Issue-focused (B)",18,0
335,0,0,"Control (A)",30,0
336,1,0,"Issue-focused (B)",27,0
337,1,0,"Issue-focused (B)",40,1
338,1,0,"Issue-focused (B)",53,0
339,1,0,"Issue-focused (B)",35,1
340,1,0,"Issue-focused (B)",27,1
341,0,0,"Control (A)",27,1
342,1,0,"Issue-focused (B)",43,1
343,1,1,"Issue-focused (B)",34,1
344,1,0,"Issue-focused (B)",25,0
345,0,0,"Control (A)",60,1
346,0,0,"Control (A)",36,0
347,1,0,"Issue-focused (B)",67,0
348,0,0,"Control (A)",70,1
349,1,0,"Issue-focused (B)",28,1
350,1,0,"Issue-focused (B)",42,0
351,1,0,"Issue-focused (B)",41,1
352,1,0,"Issue-focused (B)",61,1
353,1,0,"Issue-focused (B)",42,0
354,1,0,"Issue-focused (B)",31,0
355,1,1,"Issue-focused (B)",29,0
356,0,1,"Control (A)",36,0
357,1,0,"Issue-focused (B)",35,0
358,1,1,"Issue-focused (B)",46,0
359,0,1,"Control (A)",41,0
360,1,0,"Issue-focused (B)",57,1
361,1,0,"Issue-focused (B)",57,0
362,0,0,"Control (A)",35,0
363,1,0,"Issue-focused (B)",24,0
364,1,0,"Issue-focused (B)",58,1
365,1,0,"Issue-focused (B)",51,0
366,1,1,"Issue-focused (B)",23,0
367,0,0,"Control (A)",31,1
368,1,0,"Issue-focused (B)",39,0
369,0,1,"Control (A)",38,0
370,1,0,"Issue-focused (B)",53,1
371,1,0,"Issue-focused (B)",54,1
372,1,0,"Issue-focused (B)",18,1
373,1,0,"Issue-focused (B)",48,0
374,0,0,"Control (A)",34,0
375,0,0,"Control (A)",49,0
376,1,0,"Issue-focused (B)",38,0
377,0,0,"Control (A)",49,0
378,0,0,"Control (A)",46,1
379,1,0,"Issue-focused (B)",41,0
380,0,0,"Control (A)",33,0
381,0,0,"Control (A)",44,1
382,0,0,"Control (A)",27,1
383,0,1,"Control (A)",28,0
384,1,0,"Issue-focused (B)",36,0
385,1,0,"Issue-focused (B)",45,0
386,0,0,"Control (A)",42,1
387,1,0,"Issue-focused (B)",18,1
388,1,1,"Issue-focused (B)",27,1
389,1,0,"Issue-focused (B)",51,0
390,0,0,"Control (A)",55,0
391,1,0,"Issue-focused (B)",18,1
392,0,0,"Control (A)",40,0
393,1,0,"Issue-focused (B)",27,1
394,0,0,"Control (A)",49,1
395,1,0,"Issue-focused (B)",43,1
396,1,1,"Issue-focused (B)",56,0
397,1,0,"Issue-focused (B)",39,0
398,1,0,"Issue-focused (B)",19,0
399,0,0,"Control (A)",38,0
400,1,0,"Issue-focused (B)",39,0
401,1,0,"Issue-focused (B)",42,0
402,1,0,"Issue-focused (B)",30,1
403,1,0,"Issue-focused (B)",39,0
404,1,0,"Issue-focused (B)",45,1
405,0,0,"Control (A)",48,0
406,0,0,"Control (A)",44,0
407,1,0,"Issue-focused (B)",45,0
408,1,0,"Issue-focused (B)",32,1
409,1,0,"Issue-focused (B)",26,1
410,1,0,"Issue-focused (B)",35,0
411,0,0,"Control (A)",24,0
412,0,0,"Control (A)",31,0
413,0,0,"Control (A)",34,0
414,0,0,"Control (A)",33,0
415,1,0,"Issue-focused (B)",55,0
416,1,0,"Issue-focused (B)",38,0
417,1,1,"Issue-focused (B)",43,0
418,0,0,"Control (A)",32,1
419,1,1,"Issue-focused (B)",49,0
420,0,0,"Control (A)",40,0
421,0,0,"Control (A)",33,0
422,1,0,"Issue-focused (B)",23,0
423,1,0,"Issue-focused (B)",53,0
424,1,0,"Issue-focused (B)",43,0
425,0,0,"Control (A)",36,0
426,1,0,"Issue-focused (B)",49,0
427,0,0,"Control (A)",45,0
428,0,0,"Control (A)",58,1
429,1,0,"Issue-focused (B)",32,0
430,1,0,"Issue-focused (B)",41,0
431,1,0,"Issue-focused (B)",36,1
432,0,0,"Control (A)",32,1
433,1,0,"Issue-focused (B)",18,1
434,1,0,"Issue-focused (B)",26,0
435,1,0,"Issue-focused (B)",41,1
436,1,0,"Issue-focused (B)",38,1
437,0,0,"Control (A)",39,1
438,1,0,"Issue-focused (B)",61,0
439,1,0,"Issue-focused (B)",18,1
440,1,0,"Issue-focused (B)",44,0
441,0,0,"Control (A)",29,0
442,0,0,"Control (A)",47,1
443,1,0,"Issue-focused (B)",50,0
444,0,0,"Control (A)",20,0
445,1,0,"Issue-focused (B)",54,0
446,1,0,"Issue-focused (B)",41,0
447,0,0,"Control (A)",34,1
448,0,0,"Control (A)",53,1
449,1,0,"Issue-focused (B)",34,0
450,0,0,"Control (A)",34,1
451,1,0,"Issue-focused (B)",44,1
452,1,0,"Issue-focused (B)",39,0
453,0,0,"Control (A)",32,1
454,0,0,"Control (A)",28,1
455,1,0,"Issue-focused (B)",67,1
456,0,0,"Control (A)",42,0
457,0,0,"Control (A)",30,0
458,1,0,"Issue-focused (B)",30,0
459,1,0,"Issue-focused (B)",44,1
460,1,0,"Issue-focused (B)",53,0
461,1,0,"Issue-focused (B)",41,1
462,0,0,"Control (A)",59,1
463,1,0,"Issue-focused (B)",56,0
464,0,1,"Control (A)",34,1
465,0,0,"Control (A)",39,1
466,0,0,"Control (A)",27,0
467,0,0,"Control (A)",38,0
468,1,0,"Issue-focused (B)",28,0
469,0,0,"Control (A)",42,1
470,0,0,"Control (A)",54,1
471,1,0,"Issue-focused (B)",58,1
472,0,0,"Control (A)",54,0
473,0,0,"Control (A)",48,0
474,0,0,"Control (A)",31,0
475,0,0,"Control (A)",49,1
476,0,0,"Control (A)",38,0
477,1,0,"Issue-focused (B)",43,0
478,1,0,"Issue-focused (B)",31,1
479,0,0,"Control (A)",44,0
480,1,0,"Issue-focused (B)",18,0
481,1,0,"Issue-focused (B)",46,0
482,1,0,"Issue-focused (B)",31,0
483,1,0,"Issue-focused (B)",65,1
484,0,0,"Control (A)",49,0
485,1,0,"Issue-focused (B)",35,0
486,0,0,"Control (A)",37,0
487,1,0,"Issue-focused (B)",66,0
488,0,0,"Control (A)",42,0
489,0,0,"Control (A)",44,1
490,0,0,"Control (A)",45,0
491,1,0,"Issue-focused (B)",18,1
492,1,0,"Issue-focused (B)",47,0
493,0,0,"Control (A)",50,0
494,1,0,"Issue-focused (B)",56,1
495,1,0,"Issue-focused (B)",62,1
496,1,0,"Issue-focused (B)",32,1
497,0,0,"Control (A)",48,1
498,1,0,"Issue-focused (B)",63,1
499,1,1,"Issue-focused (B)",29,0
500,1,0,"Issue-focused (B)",26,0
501,1,0,"Issue-focused (B)",38,0
502,0,0,"Control (A)",44,1
503,1,0,"Issue-focused (B)",18,0
504,0,0,"Control (A)",40,1
505,1,0,"Issue-focused (B)",32,1
506,0,0,"Control (A)",49,0
507,0,0,"Control (A)",25,1
508,0,0,"Control (A)",51,1
509,1,0,"Issue-focused (B)",54,1
510,1,1,"Issue-focused (B)",36,0
511,0,0,"Control (A)",48,1
512,0,0,"Control (A)",47,1
513,1,0,"Issue-focused (B)",39,1
514,1,1,"Issue-focused (B)",24,1
515,0,0,"Control (A)",54,0
516,0,0,"Control (A)",42,0
517,1,0,"Issue-focused (B)",45,0
518,0,0,"Control (A)",50,1
519,0,0,"Control (A)",23,0
520,1,1,"Issue-focused (B)",38,1
521,0,0,"Control (A)",42,0
522,1,0,"Issue-focused (B)",26,0
523,0,0,"Control (A)",39,1
524,1,0,"Issue-focused (B)",19,1
525,1,0,"Issue-focused (B)",40,1
526,1,1,"Issue-focused (B)",59,1
527,0,0,"Control (A)",38,0
528,1,0,"Issue-focused (B)",33,0
529,0,0,"Control (A)",41,1
530,0,0,"Control (A)",36,1
531,1,0,"Issue-focused (B)",63,1
532,1,0,"Issue-focused (B)",18,0
533,0,0,"Control (A)",44,0
534,1,0,"Issue-focused (B)",20,0
535,1,0,"Issue-focused (B)",49,0
536,0,0,"Control (A)",49,1
537,1,1,"Issue-focused (B)",48,0
538,0,0,"Control (A)",55,1
539,1,0,"Issue-focused (B)",33,0
540,1,0,"Issue-focused (B)",18,1
541,1,0,"Issue-focused (B)",21,0
542,1,0,"Issue-focused (B)",61,1
543,0,0,"Control (A)",26,1
544,1,1,"Issue-focused (B)",52,1
545,0,0,"Control (A)",20,0
546,1,0,"Issue-focused (B)",42,0
547,0,0,"Control (A)",49,0
548,0,0,"Control (A)",31,1
549,1,0,"Issue-focused (B)",18,1
550,1,0,"Issue-focused (B)",41,1
551,1,0,"Issue-focused (B)",26,0
552,1,0,"Issue-focused (B)",45,0
553,0,0,"Control (A)",32,0
554,1,0,"Issue-focused (B)",26,1
555,0,1,"Control (A)",35,0
556,1,0,"Issue-focused (B)",39,1
557,0,1,"Control (A)",46,0
558,1,0,"Issue-focused (B)",59,0
559,0,0,"Control (A)",50,1
560,1,1,"Issue-focused (B)",35,0
561,1,0,"Issue-focused (B)",46,0
562,1,1,"Issue-focused (B)",41,0
563,1,0,"Issue-focused (B)",31,1
564,1,0,"Issue-focused (B)",35,1
565,1,0,"Issue-focused (B)",22,1
566,0,0,"Control (A)",18,0
567,1,0,"Issue-focused (B)",53,0
568,0,0,"Control (A)",64,0
569,1,0,"Issue-focused (B)",37,1
570,1,0,"Issue-focused (B)",28,1
571,0,0,"Control (A)",58,0
572,1,0,"Issue-focused (B)",45,0
573,0,1,"Control (A)",34,0
574,0,0,"Control (A)",45,0
575,1,0,"Issue-focused (B)",18,1
576,0,1,"Control (A)",63,1
577,1,0,"Issue-focused (B)",23,0
578,0,0,"Control (A)",22,1
579,1,0,"Issue-focused (B)",33,1
580,1,1,"Issue-focused (B)",31,0
581,0,0,"Control (A)",31,0
582,0,0,"Control (A)",32,0
583,1,0,"Issue-focused (B)",51,0
584,0,0,"Control (A)",23,0
585,1,0,"Issue-focused (B)",44,0
586,1,1,"Issue-focused (B)",38,1
587,0,0,"Control (A)",29,0
588,1,0,"Issue-focused (B)",50,0
589,1,1,"Issue-focused (B)",36,1
590,1,0,"Issue-focused (B)",29,0
591,1,0,"Issue-focused (B)",31,0
592,0,0,"Control (A)",34,0
593,1,0,"Issue-focused (B)",27,1
594,1,0,"Issue-focused (B)",38,1
595,0,0,"Control (A)",39,1
596,1,0,"Issue-focused (B)",39,1
597,0,0,"Control (A)",43,0
598,1,0,"Issue-focused (B)",60,1
599,1,0,"Issue-focused (B)",39,0
600,1,0,"Issue-focused (B)",50,0
601,1,0,"Issue-focused (B)",38,0
602,1,0,"Issue-focused (B)",37,1
603,0,0,"Control (A)",39,0
604,1,0,"Issue-focused (B)",42,0
605,0,0,"Control (A)",32,0
606,1,0,"Issue-focused (B)",57,0
607,1,0,"Issue-focused (B)",49,0
608,0,0,"Control (A)",44,0
609,1,0,"Issue-focused (B)",22,0
610,1,1,"Issue-focused (B)",44,0
611,1,0,"Issue-focused (B)",45,0
612,1,0,"Issue-focused (B)",33,0
613,0,0,"Control (A)",52,0
614,0,0,"Control (A)",75,1
615,1,0,"Issue-focused (B)",47,1
616,1,0,"Issue-focused (B)",58,0
617,1,0,"Issue-focused (B)",34,1
618,0,0,"Control (A)",49,0
619,1,0,"Issue-focused (B)",37,0
620,1,0,"Issue-focused (B)",65,1
621,1,1,"Issue-focused (B)",45,0
622,0,0,"Control (A)",58,1
623,0,0,"Control (A)",28,0
624,0,1,"Control (A)",31,0
625,0,0,"Control (A)",24,0
626,1,0,"Issue-focused (B)",61,0
627,0,0,"Control (A)",57,0
628,1,0,"Issue-focused (B)",38,0
629,1,0,"Issue-focused (B)",28,1
630,1,0,"Issue-focused (B)",47,0
631,0,0,"Control (A)",44,0
632,1,0,"Issue-focused (B)",56,0
633,0,0,"Control (A)",24,0
634,0,1,"Control (A)",27,0
635,1,0,"Issue-focused (B)",22,1
636,1,0,"Issue-focused (B)",55,0
637,1,0,"Issue-focused (B)",54,0
638,0,0,"Control (A)",48,1
639,0,1,"Control (A)",39,1
640,0,0,"Control (A)",40,0
641,0,0,"Control (A)",57,0
642,0,0,"Control (A)",41,0
643,1,0,"Issue-focused (B)",30,0
644,1,0,"Issue-focused (B)",23,0
645,1,1,"Issue-focused (B)",48,1
646,0,0,"Control (A)",45,0
647,0,0,"Control (A)",50,1
648,1,0,"Issue-focused (B)",42,0
649,1,0,"Issue-focused (B)",28,0
650,0,1,"Control (A)",23,0
651,0,0,"Control (A)",21,0
652,0,0,"Control (A)",41,0
653,0,0,"Control (A)",37,0
654,1,0,"Issue-focused (B)",18,0
655,1,0,"Issue-focused (B)",27,1
656,1,1,"Issue-focused (B)",32,0
657,0,0,"Control (A)",44,1
658,1,0,"Issue-focused (B)",42,0
659,0,0,"Control (A)",50,0
660,1,0,"Issue-focused (B)",21,0
661,1,0,"Issue-focused (B)",24,1
662,1,0,"Issue-focused (B)",27,0
663,0,0,"Control (A)",47,1
664,1,0,"Issue-focused (B)",40,0
665,1,0,"Issue-focused (B)",42,1
666,0,0,"Control (A)",44,0
667,0,0,"Control (A)",32,0
668,1,1,"Issue-focused (B)",26,0
669,1,0,"Issue-focused (B)",35,0
670,0,0,"Control (A)",38,1
671,0,1,"Control (A)",35,0
672,1,0,"Issue-focused (B)",43,1
673,1,0,"Issue-focused (B)",64,0
674,1,0,"Issue-focused (B)",42,0
675,0,0,"Control (A)",39,0
676,0,0,"Control (A)",41,0
677,1,0,"Issue-focused (B)",55,0
678,0,1,"Control (A)",21,0
679,1,0,"Issue-focused (B)",27,1
680,1,0,"Issue-focused (B)",40,1
681,0,0,"Control (A)",44,0
682,1,0,"Issue-focused (B)",22,0
683,0,0,"Control (A)",69,1
684,0,0,"Control (A)",53,0
685,1,1,"Issue-focused (B)",25,1
686,0,0,"Control (A)",40,0
687,1,0,"Issue-focused (B)",46,0
688,0,0,"Control (A)",37,1
689,1,0,"Issue-focused (B)",49,1
690,0,0,"Control (A)",42,1
691,1,1,"Issue-focused (B)",53,0
692,0,0,"Control (A)",41,1
693,0,0,"Control (A)",56,1
694,1,0,"Issue-focused (B)",34,1
695,1,0,"Issue-focused (B)",55,1
696,0,0,"Control (A)",40,1
697,0,0,"Control (A)",41,0
698,1,0,"Issue-focused (B)",28,0
699,1,1,"Issue-focused (B)",52,0
700,0,0,"Control (A)",36,1
701,0,0,"Control (A)",37,1
702,1,0,"Issue-focused (B)",44,1
703,1,1,"Issue-focused (B)",21,0
704,0,0,"Control (A)",34,0
705,1,0,"Issue-focused (B)",30,0
706,0,1,"Control (A)",44,0
707,0,0,"Control (A)",18,1
708,0,0,"Control (A)",26,0
709,0,0,"Control (A)",51,0
710,0,1,"Control (A)",39,0
711,0,0,"Control (A)",24,0
712,1,1,"Issue-focused (B)",29,0
713,1,0,"Issue-focused (B)",51,1
714,0,0,"Control (A)",38,1
715,1,0,"Issue-focused (B)",36,0
716,0,0,"Control (A)",19,1
717,1,1,"Issue-focused (B)",41,1
718,0,0,"Control (A)",43,1
719,0,0,"Control (A)",35,0
720,1,0,"Issue-focused (B)",52,0
721,0,0,"Control (A)",43,1
722,0,0,"Control (A)",34,0
723,1,0,"Issue-focused (B)",60,0
724,1,0,"Issue-focused (B)",46,1
725,0,0,"Control (A)",40,0
726,0,0,"Control (A)",32,0
727,0,0,"Control (A)",50,1
728,1,0,"Issue-focused (B)",55,0
729,1,0,"Issue-focused (B)",37,1
730,1,1,"Issue-focused (B)",67,1
731,0,0,"Control (A)",45,0
732,0,0,"Control (A)",43,0
733,1,0,"Issue-focused (B)",32,0
734,1,0,"Issue-focused (B)",51,1
735,1,0,"Issue-focused (B)",32,1
736,0,1,"Control (A)",27,0
737,1,0,"Issue-focused (B)",41,1
738,0,0,"Control (A)",37,0
739,0,0,"Control (A)",31,0
740,0,0,"Control (A)",56,0
741,1,0,"Issue-focused (B)",50,0
742,0,0,"Control (A)",38,0
743,0,0,"Control (A)",45,0
744,0,0,"Control (A)",61,0
745,0,0,"Control (A)",51,1
746,1,0,"Issue-focused (B)",59,1
747,0,0,"Control (A)",39,0
748,0,0,"Control (A)",36,0
749,1,0,"Issue-focused (B)",40,0
750,1,0,"Issue-focused (B)",43,0
751,0,0,"Control (A)",46,1
752,1,0,"Issue-focused (B)",38,0
753,0,0,"Control (A)",42,1
754,0,0,"Control (A)",50,0
755,0,0,"Control (A)",31,0
756,0,0,"Control (A)",19,1
757,1,0,"Issue-focused (B)",40,0
758,0,0,"Control (A)",44,1
759,0,0,"Control (A)",30,0
760,1,0,"Issue-focused (B)",31,0
761,1,0,"Issue-focused (B)",47,1
762,1,0,"Issue-focused (B)",30,0
763,0,0,"Control (A)",41,1
764,1,0,"Issue-focused (B)",24,0
765,1,0,"Issue-focused (B)",28,1
766,1,0,"Issue-focused (B)",49,0
767,1,0,"Issue-focused (B)",48,0
768,0,1,"Control (A)",34,0
769,1,0,"Issue-focused (B)",49,1
770,0,1,"Control (A)",53,0
771,1,0,"Issue-focused (B)",44,0
772,0,0,"Control (A)",27,0
773,0,0,"Control (A)",18,0
774,0,0,"Control (A)",55,1
775,1,0,"Issue-focused (B)",24,0
776,0,0,"Control (A)",38,1
777,0,0,"Control (A)",23,0
778,1,0,"Issue-focused (B)",43,0
779,1,0,"Issue-focused (B)",26,0
780,1,0,"Issue-focused (B)",45,0
781,1,0,"Issue-focused (B)",27,1
782,1,0,"Issue-focused (B)",35,0
783,1,0,"Issue-focused (B)",52,1
784,0,0,"Control (A)",53,1
785,1,0,"Issue-focused (B)",38,1
786,0,0,"Control (A)",51,1
787,0,1,"Control (A)",24,0
788,1,0,"Issue-focused (B)",34,0
789,1,0,"Issue-focused (B)",58,0
790,0,1,"Control (A)",41,1
791,1,0,"Issue-focused (B)",32,1
792,1,0,"Issue-focused (B)",58,1
793,0,1,"Control (A)",46,0
794,0,0,"Control (A)",52,0
795,0,0,"Control (A)",29,0
796,1,1,"Issue-focused (B)",56,1
797,0,0,"Control (A)",28,1
798,0,0,"Control (A)",28,1
799,0,0,"Control (A)",39,0
800,0,0,"Control (A)",31,0
801,1,0,"Issue-focused (B)",38,0
802,0,0,"Control (A)",67,1
803,1,1,"Issue-focused (B)",19,0
804,0,0,"Control (A)",21,0
805,1,0,"Issue-focused (B)",49,0
806,1,0,"Issue-focused (B)",52,0
807,0,1,"Control (A)",52,0
808,0,0,"Control (A)",42,0
809,1,0,"Issue-focused (B)",48,1
810,0,0,"Control (A)",46,0
811,0,0,"Control (A)",24,0
812,0,0,"Control (A)",35,0
813,1,0,"Issue-focused (B)",50,0
814,0,1,"Control (A)",23,1
815,0,0,"Control (A)",51,1
816,1,1,"Issue-focused (B)",24,0
817,1,0,"Issue-focused (B)",32,1
818,1,0,"Issue-focused (B)",33,0
819,1,0,"Issue-focused (B)",63,0
820,0,0,"Control (A)",18,0
821,1,0,"Issue-focused (B)",41,0
822,1,1,"Issue-focused (B)",50,1
823,1,0,"Issue-focused (B)",38,0
824,0,0,"Control (A)",44,0
825,1,1,"Issue-focused (B)",68,1
826,0,0,"Control (A)",57,1
827,1,1,"Issue-focused (B)",64,1
828,0,0,"Control (A)",59,1
829,1,0,"Issue-focused (B)",66,0
830,0,0,"Control (A)",67,1
831,1,0,"Issue-focused (B)",22,0
832,1,0,"Issue-focused (B)",56,1
833,0,0,"Control (A)",44,0
834,0,1,"Control (A)",26,0
835,0,0,"Control (A)",18,0
836,0,0,"Control (A)",20,0
837,0,0,"Control (A)",30,0
838,0,0,"Control (A)",42,1
839,1,1,"Issue-focused (B)",44,1
840,1,0,"Issue-focused (B)",40,1
841,0,1,"Control (A)",31,1
842,0,0,"Control (A)",52,0
843,1,0,"Issue-focused (B)",43,0
844,1,0,"Issue-focused (B)",47,0
845,0,0,"Control (A)",41,0
846,1,0,"Issue-focused (B)",28,1
847,0,0,"Control (A)",54,1
848,0,0,"Control (A)",25,0
849,1,0,"Issue-focused (B)",56,0
850,1,0,"Issue-focused (B)",51,0
851,0,0,"Control (A)",42,1
852,0,0,"Control (A)",51,0
853,1,0,"Issue-focused (B)",51,0
854,0,0,"Control (A)",47,0
855,0,0,"Control (A)",30,0
856,1,0,"Issue-focused (B)",38,1
857,1,1,"Issue-focused (B)",40,1
858,1,0,"Issue-focused (B)",46,1
859,1,0,"Issue-focused (B)",24,0
860,1,1,"Issue-focused (B)",47,1
861,1,0,"Issue-focused (B)",30,1
862,1,0,"Issue-focused (B)",42,1
863,1,0,"Issue-focused (B)",57,1
864,0,0,"Control (A)",34,1
865,1,0,"Issue-focused (B)",42,0
866,1,0,"Issue-focused (B)",41,1
867,0,0,"Control (A)",25,1
868,0,0,"Control (A)",34,1
869,1,0,"Issue-focused (B)",37,1
870,0,0,"Control (A)",41,1
871,1,0,"Issue-focused (B)",46,0
872,1,1,"Issue-focused (B)",24,1
873,0,0,"Control (A)",62,1
874,0,0,"Control (A)",27,0
875,0,1,"Control (A)",18,0
876,1,1,"Issue-focused (B)",43,0
877,0,0,"Control (A)",18,0
878,0,0,"Control (A)",54,1
879,0,0,"Control (A)",42,1
880,1,0,"Issue-focused (B)",36,1
881,0,0,"Control (A)",38,1
882,1,1,"Issue-focused (B)",41,0
883,1,0,"Issue-focused (B)",38,1
884,1,0,"Issue-focused (B)",35,0
885,0,0,"Control (A)",27,1
886,0,0,"Control (A)",43,0
887,0,0,"Control (A)",38,0
888,1,0,"Issue-focused (B)",27,1
889,1,0,"Issue-focused (B)",30,1
890,1,0,"Issue-focused (B)",34,0
891,0,0,"Control (A)",61,1
892,0,0,"Control (A)",28,0
893,0,0,"Control (A)",40,0
894,1,0,"Issue-focused (B)",34,1
895,0,0,"Control (A)",28,0
896,0,1,"Control (A)",49,0
897,1,0,"Issue-focused (B)",37,1
898,0,0,"Control (A)",33,1
899,0,0,"Control (A)",23,1
900,1,0,"Issue-focused (B)",26,1
901,0,0,"Control (A)",74,1
902,0,0,"Control (A)",53,0
903,1,0,"Issue-focused (B)",51,0
904,0,0,"Control (A)",36,1
905,0,0,"Control (A)",36,0
906,1,0,"Issue-focused (B)",44,1
907,0,0,"Control (A)",33,1
908,1,1,"Issue-focused (B)",39,0
909,1,0,"Issue-focused (B)",32,0
910,1,0,"Issue-focused (B)",38,1
911,1,0,"Issue-focused (B)",65,1
912,0,0,"Control (A)",49,1
913,1,0,"Issue-focused (B)",40,1
914,0,1,"Control (A)",48,1
915,1,0,"Issue-focused (B)",53,0
916,0,0,"Control (A)",60,0
917,0,0,"Control (A)",18,0
918,0,0,"Control (A)",40,1
919,1,0,"Issue-focused (B)",25,0
920,0,0,"Control (A)",45,1
921,1,0,"Issue-focused (B)",21,0
922,1,1,"Issue-focused (B)",36,1
923,1,0,"Issue-focused (B)",34,0
924,0,0,"Control (A)",49,0
925,1,0,"Issue-focused (B)",45,0
926,0,0,"Control (A)",41,0
927,1,0,"Issue-focused (B)",26,0
928,1,0,"Issue-focused (B)",28,0
929,0,1,"Control (A)",50,0
930,1,1,"Issue-focused (B)",41,0
931,0,0,"Control (A)",18,0
932,0,0,"Control (A)",30,1
933,1,1,"Issue-focused (B)",47,0
934,1,0,"Issue-focused (B)",38,0
935,1,0,"Issue-focused (B)",52,1
936,0,0,"Control (A)",35,0
937,1,0,"Issue-focused (B)",44,0
938,0,0,"Control (A)",44,0
939,0,0,"Control (A)",33,0
940,1,0,"Issue-focused (B)",45,0
941,1,0,"Issue-focused (B)",37,1
942,0,0,"Control (A)",36,0
943,0,0,"Control (A)",33,1
944,0,0,"Control (A)",33,1
945,0,0,"Control (A)",40,0
946,0,0,"Control (A)",43,1
947,0,0,"Control (A)",42,0
948,0,0,"Control (A)",45,1
949,0,0,"Control (A)",45,0
950,0,0,"Control (A)",47,0
951,0,1,"Control (A)",36,0
952,0,0,"Control (A)",31,1
953,0,0,"Control (A)",46,1
954,0,0,"Control (A)",54,1
955,0,0,"Control (A)",44,1
956,1,0,"Issue-focused (B)",23,1
957,0,0,"Control (A)",54,1
958,0,0,"Control (A)",48,1
959,1,0,"Issue-focused (B)",35,0
960,1,1,"Issue-focused (B)",59,1
961,1,0,"Issue-focused (B)",48,0
962,1,1,"Issue-focused (B)",47,1
963,0,0,"Control (A)",27,0
964,1,0,"Issue-focused (B)",39,1
965,0,0,"Control (A)",44,0
966,1,1,"Issue-focused (B)",39,0
967,1,0,"Issue-focused (B)",33,0
968,1,0,"Issue-focused (B)",32,0
969,0,0,"Control (A)",18,0
970,0,0,"Control (A)",20,1
971,1,1,"Issue-focused (B)",27,0
972,1,0,"Issue-focused (B)",34,0
973,0,0,"Control (A)",32,0
974,1,0,"Issue-focused (B)",26,0
975,1,1,"Issue-focused (B)",44,0
976,1,0,"Issue-focused (B)",44,0
977,0,0,"Control (A)",50,1
978,0,0,"Control (A)",47,0
979,1,0,"Issue-focused (B)",55,0
980,1,0,"Issue-focused (B)",26,0
981,0,1,"Control (A)",35,0
982,1,0,"Issue-focused (B)",52,0
983,0,0,"Control (A)",21,0
984,1,0,"Issue-focused (B)",60,0
985,1,0,"Issue-focused (B)",42,0
986,0,0,"Control (A)",42,0
987,0,0,"Control (A)",28,0
988,0,0,"Control (A)",18,0
989,0,0,"Control (A)",45,0
990,1,0,"Issue-focused (B)",46,1
991,1,0,"Issue-focused (B)",34,1
992,1,0,"Issue-focused (B)",23,1
993,0,0,"Control (A)",37,1
994,1,0,"Issue-focused (B)",54,0
995,1,1,"Issue-focused (B)",50,0
996,1,1,"Issue-focused (B)",29,1
997,0,0,"Control (A)",58,0
998,1,0,"Issue-focused (B)",38,0
999,1,0,"Issue-focused (B)",61,0
1000,1,0,"Issue-focused (B)",42,0
1001,1,1,"Issue-focused (B)",35,0
1002,0,0,"Control (A)",53,1
1003,0,0,"Control (A)",39,0
1004,1,0,"Issue-focused (B)",21,1
1005,1,0,"Issue-focused (B)",60,0
1006,0,1,"Control (A)",49,0
1007,1,0,"Issue-focused (B)",73,0
1008,1,1,"Issue-focused (B)",35,1
1009,1,0,"Issue-focused (B)",36,1
1010,0,1,"Control (A)",51,0
1011,0,0,"Control (A)",30,1
1012,0,0,"Control (A)",21,1
1013,0,1,"Control (A)",27,1
1014,0,0,"Control (A)",56,0
1015,1,1,"Issue-focused (B)",29,1
1016,1,0,"Issue-focused (B)",50,0
1017,0,0,"Control (A)",37,0
1018,1,0,"Issue-focused (B)",39,1
1019,0,0,"Control (A)",50,0
1020,1,0,"Issue-focused (B)",52,0
1021,1,0,"Issue-focused (B)",48,0
1022,0,1,"Control (A)",45,0
1023,1,0,"Issue-focused (B)",23,1
1024,0,0,"Control (A)",37,0
1025,0,0,"Control (A)",21,0
1026,0,0,"Control (A)",52,1
1027,1,1,"Issue-focused (B)",52,0
1028,1,0,"Issue-focused (B)",21,0
1029,0,0,"Control (A)",44,0
1030,0,1,"Control (A)",26,0
1031,0,1,"Control (A)",62,1
1032,1,0,"Issue-focused (B)",37,0
1033,0,0,"Control (A)",40,1
1034,0,1,"Control (A)",44,0
1035,0,0,"Control (A)",40,0
1036,1,1,"Issue-focused (B)",48,1
1037,0,0,"Control (A)",24,1
1038,0,0,"Control (A)",54,1
1039,0,0,"Control (A)",46,0
1040,0,0,"Control (A)",37,0
1041,0,0,"Control (A)",34,0
1042,1,0,"Issue-focused (B)",18,0
1043,0,0,"Control (A)",18,0
1044,0,0,"Control (A)",23,0
1045,0,1,"Control (A)",18,1
1046,1,0,"Issue-focused (B)",59,0
1047,0,0,"Control (A)",50,0
1048,1,0,"Issue-focused (B)",33,1
1049,0,0,"Control (A)",48,1
1050,1,0,"Issue-focused (B)",49,0
1051,1,0,"Issue-focused (B)",59,1
1052,1,0,"Issue-focused (B)",23,0
1053,0,0,"Control (A)",34,0
1054,1,0,"Issue-focused (B)",64,0
1055,1,1,"Issue-focused (B)",23,1
1056,0,0,"Control (A)",49,1
1057,1,0,"Issue-focused (B)",51,0
1058,1,0,"Issue-focused (B)",43,1
1059,1,0,"Issue-focused (B)",28,0
1060,1,0,"Issue-focused (B)",46,0
1061,0,0,"Control (A)",38,0
1062,1,0,"Issue-focused (B)",34,0
1063,0,0,"Control (A)",27,0
1064,0,0,"Control (A)",36,0
1065,0,0,"Control (A)",46,0
1066,1,0,"Issue-focused (B)",27,0
1067,1,1,"Issue-focused (B)",25,0
1068,0,0,"Control (A)",39,1
1069,1,0,"Issue-focused (B)",55,1
1070,1,1,"Issue-focused (B)",30,0
1071,1,1,"Issue-focused (B)",36,0
1072,1,0,"Issue-focused (B)",38,0
1073,0,1,"Control (A)",38,0
1074,0,0,"Control (A)",33,0
1075,0,0,"Control (A)",25,0
1076,1,1,"Issue-focused (B)",44,0
1077,0,0,"Control (A)",54,0
1078,0,0,"Control (A)",33,0
1079,1,1,"Issue-focused (B)",34,0
1080,1,1,"Issue-focused (B)",43,0
1081,0,0,"Control (A)",33,1
1082,1,0,"Issue-focused (B)",52,1
1083,0,0,"Control (A)",43,1
1084,0,0,"Control (A)",55,0
1085,1,0,"Issue-focused (B)",34,1
1086,1,1,"Issue-focused (B)",52,1
1087,0,0,"Control (A)",59,0
1088,1,0,"Issue-focused (B)",47,0
1089,0,0,"Control (A)",30,0
1090,1,0,"Issue-focused (B)",34,0
1091,1,0,"Issue-focused (B)",33,0
1092,1,0,"Issue-focused (B)",47,0
1093,1,0,"Issue-focused (B)",37,0
1094,1,0,"Issue-focused (B)",36,0
1095,0,0,"Control (A)",35,0
1096,0,0,"Control (A)",35,0
1097,0,0,"Control (A)",28,1
1098,0,0,"Control (A)",45,1
1099,1,0,"Issue-focused (B)",39,1
1100,0,0,"Control (A)",41,0
1101,1,1,"Issue-focused (B)",47,1
1102,1,0,"Issue-focused (B)",52,0
1103,1,1,"Issue-focused (B)",58,0
1104,0,0,"Control (A)",40,1
1105,1,0,"Issue-focused (B)",43,0
1106,0,0,"Control (A)",57,0
1107,0,1,"Control (A)",30,0
1108,1,0,"Issue-focused (B)",49,0
1109,0,0,"Control (A)",45,1
1110,0,0,"Control (A)",46,1
1111,1,0,"Issue-focused (B)",23,0
1112,0,0,"Control (A)",57,0
1113,0,0,"Control (A)",33,1
1114,0,0,"Control (A)",41,0
1115,1,0,"Issue-focused (B)",37,1
1116,0,0,"Control (A)",21,1
1117,0,1,"Control (A)",40,0
1118,0,0,"Control (A)",48,0
1119,1,0,"Issue-focused (B)",26,0
1120,0,0,"Control (A)",39,0
1121,1,0,"Issue-focused (B)",38,1
1122,1,0,"Issue-focused (B)",34,0
1123,1,0,"Issue-focused (B)",43,1
1124,0,0,"Control (A)",42,1
1125,0,1,"Control (A)",29,0
1126,1,0,"Issue-focused (B)",45,0
1127,0,0,"Control (A)",27,1
1128,0,0,"Control (A)",45,0
1129,0,0,"Control (A)",56,0
1130,0,0,"Control (A)",39,1
1131,1,0,"Issue-focused (B)",31,0
1132,1,0,"Issue-focused (B)",48,0
1133,0,0,"Control (A)",34,0
1134,0,0,"Control (A)",48,0
1135,1,0,"Issue-focused (B)",57,0
1136,1,1,"Issue-focused (B)",40,1
1137,1,0,"Issue-focused (B)",53,0
1138,0,0,"Control (A)",39,1
1139,0,0,"Control (A)",27,1
1140,1,0,"Issue-focused (B)",30,0
1141,0,0,"Control (A)",48,0
1142,1,0,"Issue-focused (B)",59,1
1143,0,0,"Control (A)",37,0
1144,1,0,"Issue-focused (B)",42,0
1145,1,0,"Issue-focused (B)",38,1
1146,1,0,"Issue-focused (B)",37,1
1147,0,0,"Control (A)",38,0
1148,1,1,"Issue-focused (B)",42,0
1149,1,1,"Issue-focused (B)",18,0
1150,1,0,"Issue-focused (B)",49,0
1151,1,0,"Issue-focused (B)",34,1
1152,0,1,"Control (A)",37,0
1153,0,0,"Control (A)",44,1
1154,1,0,"Issue-focused (B)",28,0
1155,0,0,"Control (A)",51,1
1156,1,0,"Issue-focused (B)",47,0
1157,1,0,"Issue-focused (B)",23,1
1158,0,0,"Control (A)",43,0
1159,0,0,"Control (A)",35,1
1160,1,0,"Issue-focused (B)",34,1
1161,0,0,"Control (A)",31,0
1162,0,0,"Control (A)",22,1
1163,1,0,"Issue-focused (B)",36,0
1164,0,1,"Control (A)",41,1
1165,0,0,"Control (A)",27,1
1166,1,0,"Issue-focused (B)",41,0
1167,0,0,"Control (A)",36,0
1168,1,0,"Issue-focused (B)",31,0
1169,1,0,"Issue-focused (B)",54,0
1170,0,0,"Control (A)",20,1
1171,1,1,"Issue-focused (B)",67,0
1172,1,0,"Issue-focused (B)",55,0
1173,1,0,"Issue-focused (B)",36,1
1174,0,0,"Control (A)",48,0
1175,0,0,"Control (A)",32,1
1176,1,0,"Issue-focused (B)",56,0
1177,1,0,"Issue-focused (B)",63,0
1178,0,0,"Control (A)",19,0
1179,1,0,"Issue-focused (B)",31,0
1180,1,0,"Issue-focused (B)",33,0
1181,1,0,"Issue-focused (B)",43,1
1182,1,0,"Issue-focused (B)",71,0
1183,0,1,"Control (A)",26,0
1184,0,0,"Control (A)",43,1
1185,0,0,"Control (A)",36,1
1186,0,0,"Control (A)",56,0
1187,1,0,"Issue-focused (B)",33,0
1188,1,1,"Issue-focused (B)",45,1
1189,0,0,"Control (A)",35,0
1190,0,0,"Control (A)",33,1
1191,0,0,"Control (A)",64,1
1192,0,0,"Control (A)",47,0
1193,0,0,"Control (A)",40,0
1194,0,0,"Control (A)",42,1
1195,1,1,"Issue-focused (B)",58,1
1196,0,0,"Control (A)",54,0
1197,1,0,"Issue-focused (B)",30,1
1198,0,0,"Control (A)",18,0
1199,0,0,"Control (A)",41,1
1200,0,0,"Control (A)",29,1
1201,0,0,"Control (A)",21,0
1202,0,0,"Control (A)",23,1
1203,1,0,"Issue-focused (B)",28,0
1204,1,0,"Issue-focused (B)",43,1
1205,1,1,"Issue-focused (B)",36,0
1206,1,1,"Issue-focused (B)",40,0
1207,1,1,"Issue-focused (B)",45,1
1208,1,0,"Issue-focused (B)",49,1
1209,1,0,"Issue-focused (B)",25,0
1210,1,0,"Issue-focused (B)",53,0
1211,0,0,"Control (A)",41,1
1212,1,0,"Issue-focused (B)",42,0
1213,0,1,"Control (A)",50,0
1214,0,1,"Control (A)",52,0
1215,0,1,"Control (A)",33,0
1216,0,0,"Control (A)",25,0
1217,0,0,"Control (A)",47,0
1218,0,0,"Control (A)",61,0
1219,0,0,"Control (A)",35,0
1220,1,0,"Issue-focused (B)",31,0
1221,0,0,"Control (A)",56,0
1222,0,0,"Control (A)",32,0
1223,1,0,"Issue-focused (B)",59,0
1224,1,0,"Issue-focused (B)",44,0
1225,0,1,"Control (A)",18,0
1226,0,0,"Control (A)",58,1
1227,1,0,"Issue-focused (B)",39,0
1228,1,0,"Issue-focused (B)",36,1
1229,1,0,"Issue-focused (B)",47,0
1230,1,0,"Issue-focused (B)",44,1
1231,0,0,"Control (A)",51,1
1232,0,0,"Control (A)",31,0
1233,1,0,"Issue-focused (B)",41,0
1234,0,1,"Control (A)",55,0
1235,1,0,"Issue-focused (B)",40,1
1236,1,0,"Issue-focused (B)",25,1
1237,1,0,"Issue-focused (B)",51,1
1238,0,0,"Control (A)",45,0
1239,1,0,"Issue-focused (B)",33,0
1240,0,0,"Control (A)",39,1
1241,1,0,"Issue-focused (B)",62,0
1242,0,0,"Control (A)",18,1
1243,0,0,"Control (A)",49,1
1244,0,0,"Control (A)",57,0
1245,0,1,"Control (A)",38,0
1246,0,1,"Control (A)",50,1
1247,0,0,"Control (A)",34,1
1248,0,0,"Control (A)",28,0
1249,0,0,"Control (A)",45,0
1250,0,0,"Control (A)",18,1
1251,1,0,"Issue-focused (B)",41,0
1252,1,0,"Issue-focused (B)",63,0
1253,0,0,"Control (A)",31,0
1254,0,0,"Control (A)",54,1
1255,0,0,"Control (A)",41,0
1256,1,0,"Issue-focused (B)",54,0
1257,0,0,"Control (A)",18,1
1258,1,1,"Issue-focused (B)",42,0
1259,0,0,"Control (A)",48,0
1260,0,1,"Control (A)",31,0
1261,0,0,"Control (A)",19,1
1262,1,0,"Issue-focused (B)",57,1
1263,0,0,"Control (A)",30,0
1264,0,0,"Control (A)",30,1
1265,0,0,"Control (A)",24,1
1266,1,0,"Issue-focused (B)",51,1
1267,0,0,"Control (A)",48,1
1268,0,0,"Control (A)",57,0
1269,0,0,"Control (A)",53,0
1270,1,0,"Issue-focused (B)",43,1
1271,1,0,"Issue-focused (B)",41,1
1272,1,1,"Issue-focused (B)",37,0
1273,0,0,"Control (A)",34,1
1274,1,0,"Issue-focused (B)",32,0
1275,1,0,"Issue-focused (B)",27,0
1276,0,0,"Control (A)",53,0
1277,1,0,"Issue-focused (B)",27,0
1278,1,0,"Issue-focused (B)",44,1
1279,1,1,"Issue-focused (B)",28,0
1280,1,0,"Issue-focused (B)",41,1
1281,0,0,"Control (A)",27,0
1282,0,0,"Control (A)",50,0
1283,0,0,"Control (A)",47,0
1284,0,0,"Control (A)",31,1
1285,1,1,"Issue-focused (B)",35,1
1286,1,0,"Issue-focused (B)",40,1
1287,1,0,"Issue-focused (B)",27,0
1288,1,0,"Issue-focused (B)",39,0
1289,1,0,"Issue-focused (B)",41,0
1290,1,0,"Issue-focused (B)",43,0
1291,0,0,"Control (A)",43,0
1292,1,0,"Issue-focused (B)",37,1
1293,0,0,"Control (A)",61,0
1294,0,0,"Control (A)",29,0
1295,1,0,"Issue-focused (B)",41,0
1296,1,0,"Issue-focused (B)",62,0
1297,0,0,"Control (A)",24,1
1298,1,1,"Issue-focused (B)",42,0
1299,0,1,"Control (A)",55,1
1300,0,0,"Control (A)",24,1
1301,1,0,"Issue-focused (B)",60,1
1302,0,0,"Control (A)",40,0
1303,0,0,"Control (A)",58,0
1304,1,0,"Issue-focused (B)",67,0
1305,0,0,"Control (A)",26,0
1306,1,0,"Issue-focused (B)",51,0
1307,0,0,"Control (A)",40,0
1308,0,0,"Control (A)",31,0
1309,1,0,"Issue-focused (B)",39,0
1310,0,0,"Control (A)",51,0
1311,1,0,"Issue-focused (B)",23,0
1312,1,1,"Issue-focused (B)",36,1
1313,0,0,"Control (A)",56,1
1314,1,0,"Issue-focused (B)",41,0
1315,0,0,"Control (A)",56,0
1316,1,0,"Issue-focused (B)",26,0
1317,0,0,"Control (A)",28,0
1318,1,0,"Issue-focused (B)",33,0
1319,1,0,"Issue-focused (B)",57,0
1320,1,1,"Issue-focused (B)",66,0
1321,1,0,"Issue-focused (B)",30,0
1322,0,0,"Control (A)",40,1
1323,0,0,"Control (A)",49,0
1324,0,0,"Control (A)",26,0
1325,1,0,"Issue-focused (B)",68,0
1326,0,1,"Control (A)",36,1
1327,1,0,"Issue-focused (B)",18,0
1328,0,0,"Control (A)",34,0
1329,0,0,"Control (A)",45,0
1330,0,0,"Control (A)",41,1
1331,1,1,"Issue-focused (B)",66,1
1332,1,0,"Issue-focused (B)",38,0
1333,0,0,"Control (A)",39,0
1334,0,0,"Control (A)",36,1
1335,1,0,"Issue-focused (B)",39,0
1336,0,0,"Control (A)",50,0
1337,0,0,"Control (A)",22,0
1338,0,0,"Control (A)",34,0
1339,0,0,"Control (A)",62,0
1340,0,0,"Control (A)",30,0
1341,1,0,"Issue-focused (B)",34,1
1342,0,0,"Control (A)",42,0
1343,0,0,"Control (A)",67,1
1344,0,0,"Control (A)",47,0
1345,0,0,"Control (A)",26,0
1346,0,0,"Control (A)",33,0
1347,0,0,"Control (A)",21,0
1348,0,0,"Control (A)",26,0
1349,0,0,"Control (A)",18,0
1350,1,0,"Issue-focused (B)",59,0
1351,0,0,"Control (A)",40,0
1352,1,0,"Issue-focused (B)",34,0
1353,0,0,"Control (A)",41,0
1354,0,0,"Control (A)",55,1
1355,0,0,"Control (A)",43,0
1356,1,0,"Issue-focused (B)",33,0
1357,1,0,"Issue-focused (B)",42,0
1358,0,0,"Control (A)",32,0
1359,0,0,"Control (A)",53,0
1360,0,0,"Control (A)",38,0
1361,0,0,"Control (A)",68,0
1362,1,0,"Issue-focused (B)",42,1
1363,1,0,"Issue-focused (B)",41,0
1364,1,1,"Issue-focused (B)",37,0
1365,1,0,"Issue-focused (B)",36,0
1366,1,0,"Issue-focused (B)",43,0
1367,1,0,"Issue-focused (B)",24,0
1368,0,0,"Control (A)",56,1
1369,1,0,"Issue-focused (B)",56,0
1370,0,0,"Control (A)",22,1
1371,0,0,"Control (A)",36,1
1372,0,0,"Control (A)",49,0
1373,1,0,"Issue-focused (B)",60,1
1374,0,0,"Control (A)",45,0
1375,1,0,"Issue-focused (B)",43,1
1376,1,0,"Issue-focused (B)",62,0
1377,0,0,"Control (A)",18,1
1378,0,1,"Control (A)",22,0
1379,0,0,"Control (A)",51,1
1380,1,0,"Issue-focused (B)",32,0
1381,0,0,"Control (A)",35,1
1382,0,0,"Control (A)",41,0
1383,0,0,"Control (A)",29,1
1384,1,0,"Issue-focused (B)",30,1
1385,1,0,"Issue-focused (B)",44,0
1386,0,0,"Control (A)",48,0
1387,1,0,"Issue-focused (B)",29,0
1388,0,0,"Control (A)",27,1
1389,1,0,"Issue-focused (B)",57,1
1390,0,0,"Control (A)",40,0
1391,0,0,"Control (A)",53,0
1392,0,0,"Control (A)",35,0
1393,0,0,"Control (A)",44,0
1394,1,0,"Issue-focused (B)",38,1
1395,1,0,"Issue-focused (B)",63,1
1396,1,1,"Issue-focused (B)",30,0
1397,1,0,"Issue-focused (B)",39,0
1398,0,0,"Control (A)",37,1
1399,0,0,"Control (A)",30,0
1400,1,0,"Issue-focused (B)",45,0
1401,0,1,"Control (A)",18,1
1402,0,0,"Control (A)",43,1
1403,1,0,"Issue-focused (B)",55,1
1404,1,0,"Issue-focused (B)",32,1
1405,0,0,"Control (A)",38,1
1406,1,0,"Issue-focused (B)",58,1
1407,0,1,"Control (A)",42,1
1408,1,0,"Issue-focused (B)",18,0
1409,0,0,"Control (A)",50,0
1410,1,0,"Issue-focused (B)",29,1
1411,0,0,"Control (A)",38,0
1412,0,0,"Control (A)",34,0
1413,0,0,"Control (A)",40,1
1414,0,0,"Control (A)",35,0
1415,0,1,"Control (A)",39,0
1416,0,1,"Control (A)",18,0
1417,1,0,"Issue-focused (B)",32,1
1418,1,0,"Issue-focused (B)",44,0
1419,1,0,"Issue-focused (B)",45,1
1420,0,0,"Control (A)",56,0
1421,0,0,"Control (A)",41,1
1422,1,0,"Issue-focused (B)",49,1
1423,0,0,"Control (A)",44,0
1424,1,0,"Issue-focused (B)",29,0
1425,1,0,"Issue-focused (B)",46,0
1426,0,0,"Control (A)",43,0
1427,1,0,"Issue-focused (B)",35,0
1428,0,1,"Control (A)",20,0
1429,1,0,"Issue-focused (B)",38,0
1430,0,0,"Control (A)",18,0
1431,0,0,"Control (A)",21,1
1432,1,0,"Issue-focused (B)",24,0
1433,0,0,"Control (A)",38,1
1434,0,0,"Control (A)",30,0
1435,1,0,"Issue-focused (B)",46,1
1436,0,0,"Control (A)",53,0
1437,1,0,"Issue-focused (B)",42,1
1438,1,0,"Issue-focused (B)",48,1
1439,1,0,"Issue-focused (B)",75,0
1440,1,0,"Issue-focused (B)",37,0
1441,1,1,"Issue-focused (B)",43,0
1442,0,0,"Control (A)",38,0
1443,0,0,"Control (A)",44,1
1444,1,0,"Issue-focused (B)",33,0
1445,0,0,"Control (A)",18,0
1446,0,0,"Control (A)",31,1
1447,0,0,"Control (A)",43,1
1448,0,0,"Control (A)",38,1
1449,0,0,"Control (A)",31,1
1450,1,0,"Issue-focused (B)",53,0
1451,1,0,"Issue-focused (B)",18,1
1452,1,1,"Issue-focused (B)",36,1
1453,1,0,"Issue-focused (B)",32,0
1454,0,1,"Control (A)",34,0
1455,1,0,"Issue-focused (B)",44,0
1456,1,0,"Issue-focused (B)",60,0
1457,1,1,"Issue-focused (B)",61,1
1458,0,1,"Control (A)",59,0
1459,0,0,"Control (A)",40,0
1460,0,0,"Control (A)",26,0
1461,0,0,"Control (A)",49,0
1462,1,0,"Issue-focused (B)",18,0
1463,1,0,"Issue-focused (B)",27,1
1464,1,0,"Issue-focused (B)",46,1
1465,0,0,"Control (A)",48,0
1466,1,0,"Issue-focused (B)",32,0
1467,1,0,"Issue-focused (B)",52,1
1468,0,0,"Control (A)",51,0
1469,0,0,"Control (A)",46,0
1470,0,0,"Control (A)",52,1
1471,0,0,"Control (A)",28,0
1472,1,1,"Issue-focused (B)",46,1
1473,1,0,"Issue-focused (B)",29,0
1474,1,0,"Issue-focused (B)",39,0
1475,1,0,"Issue-focused (B)",46,0
1476,1,0,"Issue-focused (B)",45,1
1477,1,1,"Issue-focused (B)",50,0
1478,1,0,"Issue-focused (B)",36,0
1479,0,1,"Control (A)",48,1
1480,0,0,"Control (A)",47,1
1481,0,0,"Control (A)",25,0
1482,1,0,"Issue-focused (B)",43,0
1483,0,1,"Control (A)",23,1
1484,1,1,"Issue-focused (B)",54,1
1485,1,0,"Issue-focused (B)",40,1
1486,0,0,"Control (A)",32,0
1487,0,0,"Control (A)",34,0
1488,1,0,"Issue-focused (B)",31,1
1489,0,0,"Control (A)",61,0
1490,0,0,"Control (A)",51,1
1491,1,1,"Issue-focused (B)",26,0
1492,1,0,"Issue-focused (B)",50,1
1493,0,0,"Control (A)",27,1
1494,1,1,"Issue-focused (B)",38,1
1495,0,0,"Control (A)",27,0
1496,0,0,"Control (A)",18,1
1497,1,0,"Issue-focused (B)",18,0
1498,1,0,"Issue-focused (B)",61,1
1499,0,0,"Control (A)",51,1
1500,0,0,"Control (A)",34,0
